Date,Facebook,YouTube,Pinterest,Instagram,Twitter,LinkedIn,Google+,reddit
2015-01,95.67,0.11,0.84,0,1.58,0.13,0.39,0.16
2015-02,95.19,0.11,0.85,0,1.74,0.15,0.57,0.18
2015-03,95.44,0.14,0.8,0,1.48,0.12,0.66,0.2
2015-04,95.53,0.1,0.78,0,1.59,0.12,0.53,0.18
2015-05,95.65,0.1,0.79,0,1.51,0.12,0.54,0.16
2015-06,95.97,0.09,0.83,0,1.36,0.14,0.43,0.14
2015-07,96.06,0.09,0.82,0,1.4,0.14,0.39,0.16
2015-08,94.35,0.22,1.16,0,1.81,0.28,0.58,0.36
2015-09,91.77,0.48,1.62,0,1.98,0.41,0.67,1.05
2015-10,92.58,0.22,1.5,0,2.6,0.27,0.88,0.36
2015-11,91.94,0.19,1.81,0,2.8,0.24,0.92,0.53
2015-12,93.37,0.22,1.46,0,2.34,0.18,0.85,0.4
2016-01,94.5,0.2,1.19,0,1.95,0.23,0.71,0.3
2016-02,95.43,0.05,1.08,0,1.58,0.29,0.51,0.27
2016-03,95.84,0.04,0.84,0,1.57,0.25,0.55,0.15
2016-04,95.81,0.06,0.77,0,1.51,0.26,0.62,0.13
2016-05,95.8,0.05,1.14,0,1.33,0.25,0.5,0.15
2016-06,95.16,0.12,1.2,0,1.53,0.53,0.43,0.17
2016-07,94.38,0.04,1.28,0,1.2,2.06,0.22,0.09
2016-08,95.81,0.03,1.31,0,1.51,0.38,0.27,0.09
2016-09,96.37,0.02,1.12,0,1.41,0.4,0.16,0.07
2016-10,97.18,0.04,1.02,0.04,0.94,0.27,0.1,0.07
2016-11,97.29,0.05,0.9,0.12,0.91,0.23,0.12,0.06
2016-12,96.87,0.05,1.05,0.18,1.13,0.23,0.12,0.06
2017-01,96.64,0.05,1.3,0.13,1.14,0.21,0.13,0.06
2017-02,96.79,0.04,1.33,0.12,1.04,0.19,0.1,0.07
2017-03,96.27,0.05,1.54,0.18,1.22,0.19,0.12,0.08
2017-04,95.86,0.12,1.52,0.28,1.4,0.15,0.12,0.15
2017-05,96.37,0.71,0.76,0.19,1.27,0.19,0.13,0.07
2017-06,94.3,1.33,1.57,0.38,1.49,0.36,0.16,0.07
2017-07,93.36,2.04,1.73,0.73,1.38,0.21,0.14,0.07
2017-08,90.36,3.33,1.82,2.54,1.23,0.18,0.13,0.11
2017-09,91.21,2.14,2.23,1.97,1.57,0.22,0.16,0.15
2017-10,88.38,1.97,2.05,3.28,3.53,0.22,0.16,0.12
2017-11,86.37,5.64,1.59,3.76,2,0.24,0.09,0.09
2017-12,85.02,6.82,1.62,4.78,1.21,0.19,0.08,0.11
2018-01,85.3,6.73,1.64,4.8,1.09,0.12,0.07,0.06
2018-02,82.98,9.15,1.89,4.2,1.26,0.14,0.09,0.06
2018-03,81.52,9.38,1.74,5.66,1.13,0.17,0.11,0.06
2018-04,83.49,9.7,2.43,2.33,1.34,0.25,0.14,0.07
2018-05,84.2,9.34,2.61,1.97,1.12,0.28,0.15,0.06
2018-06,77.2,12.63,3.71,3.61,1.84,0.4,0.18,0.06
2018-07,77.08,11.11,3.92,4.95,2.14,0.27,0.18,0.07
2018-08,76.87,10.8,4.3,5.36,1.97,0.23,0.19,0.09
2018-09,83.83,7.48,2.68,4.11,1.44,0.11,0.11,0.06
2018-10,86.56,5.22,2.01,4.79,1.04,0.07,0.12,0.06
2018-11,88.23,5.08,2.14,2.93,1.2,0.08,0.15,0.08
2018-12,89.28,3.58,2.68,2.34,1.56,0.1,0.22,0.12
2019-01,90.45,2.53,2.95,1.77,1.75,0.11,0.18,0.17
2019-02,91.97,1.93,2.76,1.66,1.42,0.09,0.06,0.06
2019-03,90.29,2.32,3.33,2.41,1.41,0.08,0.04,0.05
2019-04,87.62,3.25,4.26,2.82,1.76,0.13,0.01,0.06
2019-05,91,2.47,3.37,1.67,1.25,0.12,0,0.05
2019-06,90.36,2.38,3.7,1.17,2.16,0.1,0,0.05
2019-07,89.29,2.99,4.04,1.49,1.95,0.08,0,0.07
2019-08,89.79,3.11,3.68,1.41,1.79,0.07,0,0.06
2019-09,88.05,3.65,3.78,2.44,1.82,0.09,0,0.09
2019-10,83.8,4.59,3.83,4.69,2.84,0.08,0,0.07
2019-11,84.68,4.06,3.85,4.84,2.3,0.08,0,0.06
2019-12,82.53,6.66,3.76,5.03,1.79,0.06,0,0.05
2020-01,83.56,3.39,4.08,6.51,2.23,0.06,0,0.06
2020-02,82.11,2.64,4.59,7.94,2.43,0.07,0,0.08
2020-03,84.94,2.61,3.35,6.32,2.58,0.07,0,0.06
2020-04,86.04,3.26,3,4.84,2.57,0.07,0,0.15
2020-05,90.06,3.18,2.9,2.34,1.28,0.08,0,0.08
2020-06,89.16,3.36,2.85,2.45,1.95,0.09,0,0.07
2020-07,86.75,5.95,3.19,2.59,1.26,0.11,0,0.06